grad_norm,loss,mse,samples,step
0.5574440382479016,0.9749581813812256,0.9749581813812256,2,0
